index,olr_sd_x,u850_sd_x,pc1_sd,pc2_sd,pc3_sd,pc4_sd
0,35.367244720458984,3.917308896882387,12.0,10.0,8.8,8.4
